lot_id,supplier_id,entry_date,lot_size,inspection_defects,exit_date
SL0000,SUP04,2026-07-17,582,3,2026-07-28
SL0001,SUP06,2026-08-08,1098,4,2026-08-22
SL0002,SUP03,2026-08-10,1179,1,2026-08-15
SL0003,SUP05,2026-02-08,964,2,2026-02-19
SL0004,SUP09,2026-03-30,1070,0,2026-04-08
SL0005,SUP08,2026-02-21,637,2,2026-02-24
SL0006,SUP05,2026-05-24,663,1,2026-05-30
SL0007,SUP04,2026-04-14,196,4,2026-04-29
SL0008,SUP03,2026-01-03,933,0,2026-01-16
SL0009,SUP06,2026-01-08,406,1,2026-01-23
SL0010,SUP05,2026-04-21,673,1,2026-05-01
SL0011,SUP04,2026-02-25,867,1,2026-03-06
SL0012,SUP09,2026-02-07,1158,3,2026-02-18
SL0013,SUP08,2026-07-25,778,3,2026-08-05
SL0014,SUP09,2026-01-21,274,2,2026-01-24
SL0015,SUP03,2026-09-28,531,2,2026-10-13
SL0016,SUP02,2026-01-07,1196,1,2026-01-13
SL0017,SUP09,2026-09-17,216,1,2026-09-21
SL0018,SUP03,2026-03-13,449,3,2026-03-18
SL0019,SUP06,2026-04-22,643,2,2026-05-03
SL0020,SUP01,2026-06-28,311,1,2026-07-11
SL0021,SUP09,2026-01-08,392,3,2026-01-14
SL0022,SUP06,2026-05-11,664,0,2026-05-22
SL0023,SUP08,2026-09-18,333,2,2026-09-28
SL0024,SUP08,2026-06-25,1116,3,2026-06-30
SL0025,SUP09,2026-06-05,959,0,2026-06-11
SL0026,SUP05,2026-09-13,432,4,2026-09-28
SL0027,SUP06,2026-04-24,1119,2,2026-05-01
SL0028,SUP07,2026-03-31,444,3,2026-04-13
SL0029,SUP07,2026-05-16,722,4,2026-05-20
SL0030,SUP02,2026-09-21,1161,1,2026-10-02
SL0031,SUP06,2026-01-03,973,1,2026-01-09
SL0032,SUP01,2026-04-23,548,1,2026-04-27
SL0033,SUP09,2026-09-03,204,2,2026-09-06
SL0034,SUP06,2026-05-18,1023,3,2026-05-28
SL0035,SUP03,2026-07-11,956,3,2026-07-25
SL0036,SUP06,2026-06-02,1012,3,2026-06-14
SL0037,SUP02,2026-06-05,1082,1,2026-06-10
SL0038,SUP08,2026-04-26,775,5,2026-04-30
SL0039,SUP07,2026-04-28,749,4,2026-05-02
SL0040,SUP04,2026-03-06,526,1,2026-03-20
SL0041,SUP06,2026-01-13,165,2,2026-01-17
SL0042,SUP01,2026-01-07,230,2,2026-01-18
SL0043,SUP05,2026-04-03,307,1,2026-04-12
SL0044,SUP04,2026-06-10,658,0,2026-06-24
SL0045,SUP05,2026-07-26,532,1,2026-08-10
SL0046,SUP01,2026-07-31,724,2,2026-08-14
SL0047,SUP07,2026-01-25,591,2,2026-01-28
SL0048,SUP06,2026-06-05,954,0,2026-06-11
SL0049,SUP03,2026-07-03,1150,2,2026-07-15
SL0050,SUP06,2026-03-28,935,1,2026-04-12
SL0051,SUP06,2026-10-07,504,3,2026-10-12
SL0052,SUP09,2026-01-21,194,2,2026-02-01
SL0053,SUP02,2026-07-18,672,3,2026-08-02
SL0054,SUP08,2026-10-05,526,2,2026-10-10
SL0055,SUP09,2026-02-02,1088,3,2026-02-12
SL0056,SUP08,2026-08-26,296,2,2026-09-10
SL0057,SUP09,2026-08-05,570,0,2026-08-19
SL0058,SUP05,2026-03-05,1050,2,2026-03-09
SL0059,SUP07,2026-04-10,577,2,2026-04-19
SL0060,SUP04,2026-07-15,134,4,2026-07-21
SL0061,SUP01,2026-03-03,246,3,2026-03-14
SL0062,SUP06,2026-09-06,464,2,2026-09-13
SL0063,SUP02,2026-08-17,606,4,2026-08-24
SL0064,SUP03,2026-05-30,807,1,2026-06-10
SL0065,SUP05,2026-04-20,702,1,2026-04-23
SL0066,SUP06,2026-03-01,1062,0,2026-03-09
SL0067,SUP07,2026-03-03,778,5,2026-03-07
SL0068,SUP01,2026-08-23,1069,1,2026-08-29
SL0069,SUP06,2026-05-12,1119,1,2026-05-18
SL0070,SUP03,2026-04-12,297,1,2026-04-23
SL0071,SUP02,2026-05-30,744,2,2026-06-05
SL0072,SUP01,2026-01-08,991,1,2026-01-20
SL0073,SUP06,2026-02-01,846,3,2026-02-07
SL0074,SUP03,2026-09-12,613,1,2026-09-24
SL0075,SUP08,2026-05-01,878,1,2026-05-14
SL0076,SUP03,2026-08-14,492,2,2026-08-19
SL0077,SUP07,2026-08-13,336,2,2026-08-22
SL0078,SUP03,2026-02-25,337,1,2026-03-04
SL0079,SUP07,2026-01-18,161,4,2026-01-31
SL0080,SUP02,2026-07-21,222,0,2026-08-01
SL0081,SUP02,2026-06-06,326,7,2026-06-17
SL0082,SUP04,2026-05-15,1131,1,2026-05-29
SL0083,SUP07,2026-07-07,666,3,2026-07-20
SL0084,SUP02,2026-09-16,356,2,2026-09-19
SL0085,SUP03,2026-09-19,364,1,2026-09-25
SL0086,SUP07,2026-09-17,321,2,2026-10-01
SL0087,SUP05,2026-09-25,1168,2,2026-10-05
SL0088,SUP07,2026-04-16,706,2,2026-04-30
SL0089,SUP05,2026-02-17,1091,3,2026-02-28
SL0090,SUP06,2026-02-23,953,1,2026-02-27
SL0091,SUP02,2026-02-23,512,2,2026-03-08
SL0092,SUP09,2026-09-12,135,2,2026-09-23
SL0093,SUP05,2026-07-15,1095,1,2026-07-28
SL0094,SUP02,2026-08-07,240,1,2026-08-11
SL0095,SUP04,2026-09-25,734,2,2026-09-29
SL0096,SUP08,2026-08-06,446,1,2026-08-21
SL0097,SUP07,2026-08-27,775,6,2026-09-03
SL0098,SUP02,2026-07-12,1025,5,2026-07-16
SL0099,SUP06,2026-06-21,1010,1,2026-07-04
SL0100,SUP08,2026-07-04,210,0,2026-07-08
SL0101,SUP04,2026-09-23,215,1,2026-09-30
SL0102,SUP09,2026-02-27,365,3,2026-03-06
SL0103,SUP08,2026-08-18,182,2,2026-08-30
SL0104,SUP09,2026-09-26,785,0,2026-10-02
SL0105,SUP09,2026-05-13,1099,2,2026-05-24
SL0106,SUP05,2026-05-29,480,4,2026-06-02
SL0107,SUP03,2026-04-08,318,2,2026-04-18
SL0108,SUP05,2026-03-26,325,2,2026-03-29
SL0109,SUP02,2026-01-22,152,4,2026-01-30
SL0110,SUP01,2026-01-23,728,3,2026-02-02
SL0111,SUP05,2026-07-23,730,1,2026-07-28
SL0112,SUP02,2026-08-10,773,2,2026-08-17
SL0113,SUP02,2026-03-23,232,2,2026-04-06
SL0114,SUP08,2026-09-10,326,4,2026-09-16
SL0115,SUP01,2026-02-09,266,0,2026-02-18
SL0116,SUP02,2026-03-25,569,0,2026-04-09
SL0117,SUP05,2026-01-31,301,0,2026-02-15
SL0118,SUP06,2026-07-30,420,3,2026-08-07
SL0119,SUP09,2026-01-21,1098,1,2026-01-29
SL0120,SUP06,2026-09-27,605,1,2026-10-01
SL0121,SUP05,2026-06-13,611,0,2026-06-27
SL0122,SUP06,2026-03-13,1054,0,2026-03-22
SL0123,SUP07,2026-07-09,1173,1,2026-07-14
SL0124,SUP03,2026-04-21,1152,4,2026-04-28
SL0125,SUP01,2026-09-04,792,3,2026-09-13
SL0126,SUP02,2026-10-11,784,2,2026-10-22
SL0127,SUP08,2026-06-16,653,1,2026-06-23
SL0128,SUP06,2026-08-22,727,0,2026-08-31
SL0129,SUP06,2026-04-08,579,2,2026-04-22
SL0130,SUP09,2026-03-19,180,0,2026-03-22
SL0131,SUP02,2026-02-26,483,2,2026-03-01
SL0132,SUP04,2026-08-09,172,0,2026-08-17
SL0133,SUP08,2026-10-10,1160,4,2026-10-19
SL0134,SUP01,2026-09-26,1038,4,2026-10-04
SL0135,SUP09,2026-05-29,426,2,2026-06-02
SL0136,SUP09,2026-03-29,319,4,2026-04-03
SL0137,SUP08,2026-05-09,750,2,2026-05-16
SL0138,SUP07,2026-08-14,363,3,2026-08-20
SL0139,SUP04,2026-06-05,768,2,2026-06-18
SL0140,SUP02,2026-08-22,997,3,2026-08-26
SL0141,SUP07,2026-06-16,735,4,2026-06-26
SL0142,SUP08,2026-04-03,648,3,2026-04-08
SL0143,SUP05,2026-02-07,1042,1,2026-02-16
SL0144,SUP06,2026-08-24,568,6,2026-09-04
SL0145,SUP09,2026-03-03,879,2,2026-03-14
SL0146,SUP07,2026-04-27,932,1,2026-05-05
SL0147,SUP03,2026-04-11,181,2,2026-04-16
SL0148,SUP08,2026-03-22,1059,1,2026-04-02
SL0149,SUP05,2026-09-01,519,3,2026-09-08
SL0150,SUP03,2026-08-11,414,1,2026-08-22
SL0151,SUP03,2026-02-03,742,1,2026-02-12
SL0152,SUP02,2026-06-29,720,1,2026-07-10
SL0153,SUP09,2026-03-10,366,4,2026-03-17
SL0154,SUP03,2026-07-28,975,2,2026-08-09
SL0155,SUP05,2026-06-17,573,2,2026-07-02
SL0156,SUP07,2026-02-01,520,2,2026-02-12
SL0157,SUP05,2026-04-22,1158,2,2026-04-29
SL0158,SUP04,2026-04-01,217,2,2026-04-11
SL0159,SUP06,2026-01-11,406,0,2026-01-25
SL0160,SUP02,2026-02-19,227,3,2026-02-23
SL0161,SUP08,2026-02-21,603,3,2026-03-03
SL0162,SUP09,2026-04-20,1117,1,2026-05-01
SL0163,SUP02,2026-03-06,372,1,2026-03-14
SL0164,SUP06,2026-03-30,580,1,2026-04-06
SL0165,SUP03,2026-04-07,1168,2,2026-04-12
SL0166,SUP06,2026-04-16,857,2,2026-04-30
SL0167,SUP04,2026-09-12,378,2,2026-09-24
SL0168,SUP09,2026-09-23,982,2,2026-09-26
SL0169,SUP05,2026-07-04,438,3,2026-07-15
SL0170,SUP01,2026-02-17,353,3,2026-02-28
SL0171,SUP02,2026-01-21,386,1,2026-02-04
SL0172,SUP05,2026-08-22,816,1,2026-09-04
SL0173,SUP08,2026-06-16,194,1,2026-06-24
SL0174,SUP01,2026-05-22,391,0,2026-06-06
SL0175,SUP09,2026-10-09,236,1,2026-10-20
SL0176,SUP07,2026-01-01,659,5,2026-01-12
SL0177,SUP08,2026-08-27,1040,3,2026-09-06
SL0178,SUP05,2026-07-11,141,1,2026-07-16
SL0179,SUP02,2026-04-09,874,0,2026-04-23
SL0180,SUP04,2026-05-15,196,3,2026-05-28
SL0181,SUP02,2026-05-06,591,2,2026-05-09
SL0182,SUP01,2026-09-12,1143,4,2026-09-19
SL0183,SUP08,2026-04-11,1187,4,2026-04-14
SL0184,SUP07,2026-07-19,498,4,2026-08-03
SL0185,SUP07,2026-01-17,1050,1,2026-01-27
SL0186,SUP01,2026-09-23,840,0,2026-10-02
SL0187,SUP04,2026-05-13,867,2,2026-05-16
SL0188,SUP01,2026-01-09,890,2,2026-01-19
SL0189,SUP09,2026-05-02,996,3,2026-05-12
SL0190,SUP09,2026-04-09,372,4,2026-04-17
SL0191,SUP06,2026-06-01,209,4,2026-06-11
SL0192,SUP05,2026-07-20,782,2,2026-08-02
SL0193,SUP09,2026-05-07,567,2,2026-05-13
SL0194,SUP01,2026-07-25,144,3,2026-07-31
SL0195,SUP01,2026-02-17,1081,3,2026-02-25
SL0196,SUP01,2026-06-24,664,7,2026-06-28
SL0197,SUP06,2026-03-16,839,4,2026-03-29
SL0198,SUP02,2026-10-04,198,2,2026-10-13
SL0199,SUP07,2026-01-23,149,1,2026-01-27
SL0200,SUP05,2026-06-11,713,1,2026-06-15
SL0201,SUP03,2026-05-09,121,1,2026-05-15
SL0202,SUP07,2026-06-10,370,2,2026-06-18
SL0203,SUP04,2026-06-18,342,3,2026-07-03
SL0204,SUP02,2026-08-28,944,0,2026-09-04
SL0205,SUP06,2026-08-11,1126,2,2026-08-14
SL0206,SUP09,2026-02-14,208,3,2026-02-19
SL0207,SUP02,2026-08-14,327,1,2026-08-21
SL0208,SUP06,2026-07-23,453,2,2026-07-28
SL0209,SUP07,2026-06-26,631,0,2026-07-08
SL0210,SUP06,2026-03-18,773,1,2026-03-23
SL0211,SUP05,2026-01-02,832,2,2026-01-16
SL0212,SUP09,2026-09-03,976,2,2026-09-13
SL0213,SUP09,2026-02-16,245,3,2026-02-26
SL0214,SUP04,2026-02-20,621,4,2026-03-04
SL0215,SUP03,2026-09-03,1048,0,2026-09-13
SL0216,SUP06,2026-05-22,968,3,2026-05-29
SL0217,SUP09,2026-06-09,1040,2,2026-06-17
SL0218,SUP06,2026-05-05,873,0,2026-05-15
SL0219,SUP06,2026-07-09,1035,1,2026-07-21
SL0220,SUP09,2026-10-05,944,1,2026-10-17
SL0221,SUP04,2026-07-25,349,2,2026-08-09
SL0222,SUP08,2026-05-28,1027,2,2026-06-05
SL0223,SUP04,2026-03-23,1069,2,2026-04-06
SL0224,SUP07,2026-07-07,914,1,2026-07-21
SL0225,SUP06,2026-04-03,523,3,2026-04-17
SL0226,SUP03,2026-05-19,894,2,2026-05-23
SL0227,SUP06,2026-06-15,270,2,2026-06-22
SL0228,SUP09,2026-05-22,436,0,2026-06-04
SL0229,SUP01,2026-02-09,849,1,2026-02-17
SL0230,SUP08,2026-02-13,854,4,2026-02-25
SL0231,SUP08,2026-08-12,355,2,2026-08-20
SL0232,SUP04,2026-04-06,482,3,2026-04-18
SL0233,SUP06,2026-03-10,805,1,2026-03-15
SL0234,SUP03,2026-04-10,660,3,2026-04-25
SL0235,SUP06,2026-08-12,839,3,2026-08-27
SL0236,SUP02,2026-09-09,1077,3,2026-09-13
SL0237,SUP06,2026-03-07,774,1,2026-03-10
SL0238,SUP02,2026-06-15,938,5,2026-06-23
SL0239,SUP07,2026-09-20,127,5,2026-10-03
SL0240,SUP06,2026-01-26,620,3,2026-02-09
SL0241,SUP06,2026-05-02,289,4,2026-05-17
SL0242,SUP06,2026-08-18,310,2,2026-08-22
SL0243,SUP09,2026-01-12,376,1,2026-01-22
SL0244,SUP05,2026-05-29,585,1,2026-06-08
SL0245,SUP02,2026-06-24,268,1,2026-07-08
SL0246,SUP03,2026-08-31,738,2,2026-09-06
SL0247,SUP04,2026-08-05,708,1,2026-08-12
SL0248,SUP05,2026-05-25,920,0,2026-06-01
SL0249,SUP02,2026-02-17,895,1,2026-02-26
SL0250,SUP07,2026-08-31,1054,0,2026-09-04
SL0251,SUP03,2026-05-31,316,2,2026-06-04
SL0252,SUP08,2026-05-06,1068,1,2026-05-12
SL0253,SUP09,2026-07-23,1127,3,2026-08-01
SL0254,SUP09,2026-03-18,362,0,2026-03-24
SL0255,SUP02,2026-08-17,758,2,2026-08-22
SL0256,SUP08,2026-10-02,694,0,2026-10-05
SL0257,SUP02,2026-05-26,1041,1,2026-06-09
SL0258,SUP06,2026-07-13,202,1,2026-07-17
SL0259,SUP03,2026-07-21,437,2,2026-07-25
SL0260,SUP04,2026-06-18,474,2,2026-06-29
SL0261,SUP04,2026-03-06,541,2,2026-03-09
SL0262,SUP03,2026-04-01,922,3,2026-04-12
SL0263,SUP06,2026-02-12,263,2,2026-02-26
SL0264,SUP09,2026-08-23,764,1,2026-09-01
SL0265,SUP07,2026-04-21,782,1,2026-05-04
SL0266,SUP08,2026-05-12,945,3,2026-05-27
SL0267,SUP09,2026-02-04,1177,3,2026-02-09
SL0268,SUP07,2026-09-22,518,2,2026-10-04
SL0269,SUP09,2026-06-26,830,1,2026-07-04
SL0270,SUP04,2026-08-02,512,0,2026-08-11
SL0271,SUP08,2026-03-01,168,1,2026-03-04
SL0272,SUP09,2026-04-19,840,1,2026-05-04
SL0273,SUP05,2026-04-17,1105,3,2026-04-29
SL0274,SUP09,2026-09-16,1198,1,2026-09-28
SL0275,SUP07,2026-09-30,261,3,2026-10-07
SL0276,SUP07,2026-06-18,522,1,2026-06-24
SL0277,SUP05,2026-01-29,882,0,2026-02-04
SL0278,SUP07,2026-07-02,842,1,2026-07-16
SL0279,SUP03,2026-03-24,501,1,2026-04-01
SL0280,SUP06,2026-07-26,390,2,2026-08-05
SL0281,SUP01,2026-07-26,1056,0,2026-08-06
SL0282,SUP06,2026-02-18,807,1,2026-03-04
SL0283,SUP09,2026-05-22,478,1,2026-06-02
SL0284,SUP09,2026-02-25,1049,2,2026-03-11
SL0285,SUP05,2026-04-06,640,1,2026-04-17
SL0286,SUP02,2026-04-28,1077,4,2026-05-10
SL0287,SUP04,2026-04-06,813,0,2026-04-11
SL0288,SUP05,2026-03-16,451,3,2026-03-29
SL0289,SUP03,2026-08-23,698,2,2026-09-04
SL0290,SUP08,2026-07-16,504,2,2026-07-31
SL0291,SUP01,2026-02-15,510,3,2026-02-18
SL0292,SUP05,2026-09-09,644,3,2026-09-18
SL0293,SUP01,2026-01-03,1123,2,2026-01-17
SL0294,SUP05,2026-04-03,432,3,2026-04-18
SL0295,SUP04,2026-06-07,568,4,2026-06-16
SL0296,SUP03,2026-10-10,880,3,2026-10-22
SL0297,SUP04,2026-01-04,1079,1,2026-01-09
SL0298,SUP05,2026-07-01,268,1,2026-07-13
SL0299,SUP06,2026-08-17,726,5,2026-08-20
SL0300,SUP05,2026-01-22,621,5,2026-01-25
SL0301,SUP04,2026-05-23,559,0,2026-05-28
SL0302,SUP02,2026-09-29,175,5,2026-10-12
SL0303,SUP08,2026-04-29,1195,2,2026-05-03
SL0304,SUP02,2026-06-19,139,2,2026-06-25
SL0305,SUP02,2026-01-31,878,1,2026-02-09
SL0306,SUP09,2026-09-09,826,0,2026-09-22
SL0307,SUP09,2026-06-04,218,1,2026-06-12
SL0308,SUP01,2026-05-26,1199,6,2026-06-01
SL0309,SUP07,2026-07-16,245,2,2026-07-21
SL0310,SUP04,2026-04-15,677,1,2026-04-19
SL0311,SUP08,2026-01-13,959,2,2026-01-23
SL0312,SUP01,2026-01-26,650,1,2026-02-09
SL0313,SUP05,2026-06-16,655,1,2026-07-01
SL0314,SUP08,2026-06-08,1090,1,2026-06-17
SL0315,SUP02,2026-02-25,1027,2,2026-03-04
SL0316,SUP05,2026-04-19,954,6,2026-04-29
SL0317,SUP01,2026-08-20,271,1,2026-08-30
SL0318,SUP05,2026-04-26,1112,0,2026-05-09
SL0319,SUP07,2026-03-16,811,1,2026-03-27
SL0320,SUP01,2026-01-09,800,0,2026-01-12
SL0321,SUP06,2026-07-13,368,2,2026-07-26
SL0322,SUP01,2026-04-28,492,4,2026-05-07
SL0323,SUP05,2026-07-05,1072,4,2026-07-19
SL0324,SUP02,2026-01-14,911,0,2026-01-19
SL0325,SUP01,2026-03-27,714,3,2026-04-08
SL0326,SUP08,2026-05-03,1066,2,2026-05-10
SL0327,SUP03,2026-08-26,511,2,2026-08-29
SL0328,SUP04,2026-06-09,402,1,2026-06-24
SL0329,SUP02,2026-07-30,924,1,2026-08-10
SL0330,SUP04,2026-04-04,147,2,2026-04-12
SL0331,SUP07,2026-02-05,906,1,2026-02-19
SL0332,SUP06,2026-02-08,987,3,2026-02-11
SL0333,SUP04,2026-05-23,715,2,2026-05-31
SL0334,SUP07,2026-01-02,506,0,2026-01-17
SL0335,SUP01,2026-10-06,770,2,2026-10-11
SL0336,SUP09,2026-07-01,724,3,2026-07-13
SL0337,SUP02,2026-09-07,533,2,2026-09-13
SL0338,SUP02,2026-02-09,326,0,2026-02-19
SL0339,SUP02,2026-10-07,915,1,2026-10-21
SL0340,SUP05,2026-03-24,1154,1,2026-04-08
SL0341,SUP07,2026-10-03,993,4,2026-10-16
SL0342,SUP02,2026-06-18,782,6,2026-07-01
SL0343,SUP07,2026-06-03,521,3,2026-06-10
SL0344,SUP09,2026-03-14,226,0,2026-03-23
SL0345,SUP08,2026-02-21,1171,2,2026-03-05
SL0346,SUP01,2026-06-12,467,1,2026-06-20
SL0347,SUP04,2026-06-27,549,1,2026-07-09
SL0348,SUP04,2026-04-12,561,1,2026-04-26
SL0349,SUP07,2026-08-29,209,1,2026-09-08
SL0350,SUP01,2026-08-22,313,2,2026-08-25
SL0351,SUP03,2026-09-13,966,1,2026-09-21
SL0352,SUP06,2026-08-03,838,3,2026-08-17
SL0353,SUP07,2026-06-23,636,1,2026-07-01
SL0354,SUP02,2026-09-26,1091,2,2026-10-06
SL0355,SUP07,2026-05-26,1178,1,2026-06-05
SL0356,SUP02,2026-04-03,340,0,2026-04-08
SL0357,SUP09,2026-01-09,1026,5,2026-01-22
SL0358,SUP08,2026-02-16,817,2,2026-02-19
SL0359,SUP01,2026-06-15,1075,1,2026-06-27
SL0360,SUP03,2026-08-27,632,3,2026-09-11
SL0361,SUP08,2026-08-04,633,1,2026-08-14
SL0362,SUP08,2026-06-18,372,6,2026-07-01
SL0363,SUP01,2026-04-19,237,1,2026-04-27
SL0364,SUP06,2026-03-24,1141,2,2026-04-04
SL0365,SUP05,2026-05-18,758,1,2026-05-29
SL0366,SUP08,2026-07-29,987,2,2026-08-04
SL0367,SUP02,2026-08-17,445,0,2026-08-29
SL0368,SUP02,2026-08-09,223,1,2026-08-24
SL0369,SUP09,2026-09-13,755,2,2026-09-26
SL0370,SUP02,2026-08-21,821,3,2026-09-05
SL0371,SUP02,2026-10-12,452,0,2026-10-15
SL0372,SUP07,2026-08-22,604,2,2026-08-29
SL0373,SUP04,2026-05-11,147,2,2026-05-18
SL0374,SUP01,2026-08-22,775,1,2026-08-31
SL0375,SUP06,2026-06-17,803,1,2026-06-21
SL0376,SUP06,2026-05-30,205,2,2026-06-11
SL0377,SUP02,2026-09-26,410,4,2026-10-09
SL0378,SUP04,2026-01-06,855,2,2026-01-10
SL0379,SUP01,2026-03-05,503,2,2026-03-11
SL0380,SUP06,2026-04-18,614,0,2026-05-03
SL0381,SUP02,2026-03-10,264,1,2026-03-25
SL0382,SUP04,2026-03-04,387,4,2026-03-17
SL0383,SUP04,2026-06-29,294,1,2026-07-06
SL0384,SUP06,2026-01-30,1014,1,2026-02-08
SL0385,SUP03,2026-07-18,308,1,2026-07-26
SL0386,SUP04,2026-09-11,765,1,2026-09-15
SL0387,SUP01,2026-02-24,1049,3,2026-03-06
SL0388,SUP08,2026-01-06,730,1,2026-01-17
SL0389,SUP01,2026-10-06,1083,4,2026-10-10
SL0390,SUP01,2026-01-05,316,2,2026-01-12
SL0391,SUP01,2026-06-14,253,2,2026-06-17
SL0392,SUP08,2026-10-09,895,2,2026-10-16
SL0393,SUP02,2026-03-02,439,1,2026-03-06
SL0394,SUP08,2026-08-18,1006,0,2026-08-22
SL0395,SUP04,2026-08-23,728,1,2026-08-27
SL0396,SUP04,2026-01-18,749,1,2026-01-24
SL0397,SUP04,2026-06-08,901,6,2026-06-23
SL0398,SUP06,2026-01-12,280,1,2026-01-16
SL0399,SUP08,2026-06-13,822,2,2026-06-28
SL0400,SUP01,2026-04-26,718,3,2026-04-30
SL0401,SUP04,2026-01-16,1178,2,2026-01-30
SL0402,SUP09,2026-03-05,1102,6,2026-03-09
SL0403,SUP05,2026-04-20,827,0,2026-04-23
SL0404,SUP04,2026-08-06,334,4,2026-08-13
SL0405,SUP06,2026-05-13,287,0,2026-05-17
SL0406,SUP06,2026-06-19,146,2,2026-06-28
SL0407,SUP07,2026-01-16,273,1,2026-01-29
SL0408,SUP06,2026-04-17,864,3,2026-04-25
SL0409,SUP05,2026-08-17,1153,1,2026-08-25
SL0410,SUP07,2026-01-10,490,1,2026-01-24
SL0411,SUP01,2026-09-05,734,3,2026-09-20
SL0412,SUP01,2026-02-07,423,1,2026-02-19
SL0413,SUP04,2026-01-02,888,2,2026-01-13
SL0414,SUP05,2026-08-27,868,1,2026-08-30
SL0415,SUP07,2026-08-01,534,1,2026-08-11
SL0416,SUP04,2026-08-09,396,1,2026-08-19
SL0417,SUP02,2026-02-24,307,2,2026-02-27
SL0418,SUP04,2026-07-02,187,1,2026-07-08
SL0419,SUP09,2026-10-02,1047,1,2026-10-13
SL0420,SUP01,2026-07-17,507,2,2026-07-26
SL0421,SUP07,2026-03-12,433,3,2026-03-18
SL0422,SUP02,2026-08-11,201,0,2026-08-24
SL0423,SUP05,2026-06-03,918,2,2026-06-15
SL0424,SUP04,2026-03-06,1081,1,2026-03-13
SL0425,SUP03,2026-05-29,208,1,2026-06-12
SL0426,SUP08,2026-06-24,995,2,2026-06-29
SL0427,SUP04,2026-07-05,581,3,2026-07-19
SL0428,SUP03,2026-08-09,788,1,2026-08-12
SL0429,SUP07,2026-04-20,693,1,2026-04-24
SL0430,SUP05,2026-06-02,728,4,2026-06-09
SL0431,SUP02,2026-10-10,979,4,2026-10-13
SL0432,SUP07,2026-03-24,832,1,2026-03-27
SL0433,SUP07,2026-08-19,1147,3,2026-08-28
SL0434,SUP04,2026-09-14,205,1,2026-09-27
SL0435,SUP08,2026-07-01,1163,2,2026-07-04
SL0436,SUP08,2026-07-09,257,2,2026-07-13
SL0437,SUP06,2026-07-26,791,3,2026-08-02
SL0438,SUP06,2026-05-05,332,2,2026-05-15
SL0439,SUP03,2026-03-04,1066,5,2026-03-16
SL0440,SUP05,2026-02-21,246,3,2026-03-03
SL0441,SUP05,2026-06-08,468,2,2026-06-16
SL0442,SUP09,2026-03-01,665,4,2026-03-11
SL0443,SUP04,2026-05-27,1122,1,2026-05-31
SL0444,SUP01,2026-09-14,315,4,2026-09-23
SL0445,SUP06,2026-10-10,1106,1,2026-10-18
SL0446,SUP02,2026-04-05,226,1,2026-04-18
SL0447,SUP03,2026-01-14,872,2,2026-01-24
SL0448,SUP01,2026-03-09,691,1,2026-03-16
SL0449,SUP06,2026-04-05,709,0,2026-04-08
SL0450,SUP01,2026-05-13,1107,0,2026-05-19
SL0451,SUP09,2026-09-05,527,4,2026-09-20
SL0452,SUP08,2026-05-26,502,6,2026-06-03
SL0453,SUP09,2026-06-20,388,3,2026-06-26
SL0454,SUP03,2026-08-09,436,2,2026-08-12
SL0455,SUP01,2026-06-20,309,1,2026-06-25
SL0456,SUP08,2026-09-14,299,2,2026-09-20
SL0457,SUP01,2026-09-06,175,5,2026-09-13
SL0458,SUP02,2026-04-05,1009,4,2026-04-14
SL0459,SUP02,2026-04-11,1098,2,2026-04-15
SL0460,SUP06,2026-06-08,848,1,2026-06-12
SL0461,SUP09,2026-03-01,497,0,2026-03-13
SL0462,SUP05,2026-05-19,1069,0,2026-05-31
SL0463,SUP02,2026-02-26,506,0,2026-03-05
SL0464,SUP02,2026-08-20,614,1,2026-08-23
SL0465,SUP06,2026-02-25,655,0,2026-03-11
SL0466,SUP08,2026-01-23,770,2,2026-01-28
SL0467,SUP03,2026-02-10,859,2,2026-02-14
SL0468,SUP05,2026-01-30,288,2,2026-02-04
SL0469,SUP09,2026-09-06,909,3,2026-09-18
SL0470,SUP09,2026-06-07,897,0,2026-06-17
SL0471,SUP09,2026-09-14,1152,0,2026-09-21
SL0472,SUP01,2026-02-26,1142,3,2026-03-02
SL0473,SUP05,2026-03-07,1059,1,2026-03-19
SL0474,SUP04,2026-08-28,134,0,2026-09-05
SL0475,SUP02,2026-04-14,591,2,2026-04-27
SL0476,SUP02,2026-05-10,973,5,2026-05-25
SL0477,SUP01,2026-08-22,279,1,2026-08-29
SL0478,SUP05,2026-05-27,911,1,2026-06-01
SL0479,SUP02,2026-06-16,911,1,2026-06-19
SL0480,SUP05,2026-09-30,1156,1,2026-10-07
SL0481,SUP03,2026-07-16,625,3,2026-07-25
SL0482,SUP09,2026-05-11,501,2,2026-05-16
SL0483,SUP09,2026-09-16,1156,2,2026-09-21
SL0484,SUP05,2026-04-15,282,2,2026-04-22
SL0485,SUP02,2026-03-08,693,1,2026-03-14
SL0486,SUP07,2026-02-08,203,2,2026-02-11
SL0487,SUP02,2026-05-10,580,2,2026-05-22
SL0488,SUP01,2026-03-22,431,0,2026-04-06
SL0489,SUP01,2026-05-03,1183,2,2026-05-08
SL0490,SUP02,2026-09-01,256,4,2026-09-13
SL0491,SUP04,2026-02-05,357,0,2026-02-09
SL0492,SUP02,2026-03-24,956,1,2026-04-03
SL0493,SUP02,2026-06-02,188,4,2026-06-10
SL0494,SUP04,2026-02-28,717,0,2026-03-10
SL0495,SUP02,2026-03-10,842,2,2026-03-24
SL0496,SUP03,2026-03-22,633,3,2026-04-04
SL0497,SUP04,2026-02-18,1018,1,2026-03-02
SL0498,SUP05,2026-09-14,329,2,2026-09-29
SL0499,SUP04,2026-05-25,131,2,2026-05-29
SL0500,SUP09,2026-02-19,997,4,2026-03-05
SL0501,SUP08,2026-02-26,548,0,2026-03-01
SL0502,SUP03,2026-09-18,970,5,2026-09-28
SL0503,SUP06,2026-08-18,207,1,2026-08-25
SL0504,SUP05,2026-05-24,1108,3,2026-05-30
SL0505,SUP02,2026-08-04,595,1,2026-08-14
SL0506,SUP08,2026-08-15,155,2,2026-08-19
SL0507,SUP05,2026-01-04,758,3,2026-01-16
SL0508,SUP04,2026-07-20,752,2,2026-08-04
SL0509,SUP08,2026-07-02,861,4,2026-07-14
SL0510,SUP02,2026-01-11,620,2,2026-01-18
SL0511,SUP04,2026-05-17,560,4,2026-05-23
SL0512,SUP08,2026-04-20,409,4,2026-05-02
SL0513,SUP03,2026-02-24,530,3,2026-03-08
SL0514,SUP09,2026-06-09,316,1,2026-06-24
SL0515,SUP05,2026-03-01,849,1,2026-03-15
SL0516,SUP01,2026-01-25,747,3,2026-01-30
SL0517,SUP05,2026-01-27,1038,2,2026-02-01
SL0518,SUP07,2026-02-01,858,4,2026-02-08
SL0519,SUP02,2026-04-19,959,5,2026-04-27
SL0520,SUP08,2026-04-27,1172,4,2026-05-08
SL0521,SUP09,2026-05-20,728,1,2026-05-23
SL0522,SUP04,2026-03-18,208,3,2026-03-27
SL0523,SUP04,2026-07-14,658,2,2026-07-18
SL0524,SUP07,2026-06-06,775,2,2026-06-21
SL0525,SUP03,2026-09-29,414,2,2026-10-11
SL0526,SUP01,2026-09-01,145,1,2026-09-08
SL0527,SUP09,2026-09-07,501,1,2026-09-18
SL0528,SUP07,2026-05-20,179,3,2026-05-29
SL0529,SUP02,2026-04-27,822,3,2026-05-12
SL0530,SUP07,2026-02-25,1066,2,2026-03-12
SL0531,SUP04,2026-07-26,356,1,2026-08-02
SL0532,SUP01,2026-08-05,154,2,2026-08-09
SL0533,SUP03,2026-07-22,905,0,2026-07-31
SL0534,SUP05,2026-02-28,241,4,2026-03-03
SL0535,SUP03,2026-07-24,125,3,2026-08-04
SL0536,SUP02,2026-03-06,601,2,2026-03-19
SL0537,SUP07,2026-09-12,977,2,2026-09-23
SL0538,SUP04,2026-09-29,1133,1,2026-10-05
SL0539,SUP09,2026-02-28,1168,3,2026-03-07
SL0540,SUP03,2026-06-17,465,4,2026-06-28
SL0541,SUP02,2026-01-20,254,2,2026-01-31
SL0542,SUP05,2026-03-23,1117,2,2026-03-29
SL0543,SUP07,2026-02-13,441,2,2026-02-21
SL0544,SUP04,2026-08-27,124,0,2026-08-30
SL0545,SUP06,2026-01-23,908,2,2026-02-06
SL0546,SUP09,2026-04-10,978,2,2026-04-16
SL0547,SUP02,2026-04-03,194,2,2026-04-15
SL0548,SUP09,2026-03-31,1169,3,2026-04-10
SL0549,SUP03,2026-09-29,1060,2,2026-10-12
SL0550,SUP07,2026-06-13,906,1,2026-06-28
SL0551,SUP09,2026-09-30,652,2,2026-10-05
SL0552,SUP09,2026-08-13,1150,2,2026-08-22
SL0553,SUP08,2026-10-02,1047,2,2026-10-08
SL0554,SUP03,2026-06-03,143,3,2026-06-08
SL0555,SUP01,2026-04-28,456,2,2026-05-03
SL0556,SUP03,2026-07-17,164,3,2026-07-25
SL0557,SUP08,2026-03-12,570,3,2026-03-16
SL0558,SUP04,2026-05-15,516,3,2026-05-25
SL0559,SUP03,2026-07-02,729,0,2026-07-17
SL0560,SUP04,2026-01-18,199,0,2026-02-01
SL0561,SUP05,2026-07-24,1128,3,2026-08-02
SL0562,SUP01,2026-01-05,1112,1,2026-01-12
SL0563,SUP03,2026-07-29,202,2,2026-08-12
SL0564,SUP07,2026-02-05,939,2,2026-02-12
SL0565,SUP02,2026-08-18,444,0,2026-08-31
SL0566,SUP08,2026-04-13,341,4,2026-04-19
SL0567,SUP09,2026-06-27,1040,0,2026-07-02
SL0568,SUP02,2026-02-16,653,1,2026-02-27
SL0569,SUP02,2026-09-26,1019,3,2026-10-03
SL0570,SUP02,2026-09-25,356,3,2026-10-09
SL0571,SUP06,2026-08-22,972,0,2026-08-27
SL0572,SUP05,2026-08-21,550,1,2026-08-31
SL0573,SUP03,2026-02-11,854,3,2026-02-18
SL0574,SUP07,2026-02-28,780,7,2026-03-06
SL0575,SUP01,2026-01-24,480,1,2026-02-08
SL0576,SUP06,2026-08-14,369,0,2026-08-21
SL0577,SUP07,2026-09-06,230,4,2026-09-17
SL0578,SUP01,2026-08-15,969,1,2026-08-30
SL0579,SUP09,2026-04-22,637,2,2026-04-28
SL0580,SUP07,2026-08-22,1029,2,2026-09-03
SL0581,SUP07,2026-01-15,219,3,2026-01-30
SL0582,SUP06,2026-08-03,1175,2,2026-08-15
SL0583,SUP03,2026-09-20,1186,3,2026-09-23
SL0584,SUP02,2026-09-03,556,2,2026-09-17
SL0585,SUP02,2026-08-17,912,4,2026-08-26
SL0586,SUP03,2026-04-05,1094,1,2026-04-17
SL0587,SUP08,2026-05-30,376,6,2026-06-09
SL0588,SUP06,2026-01-03,227,2,2026-01-13
SL0589,SUP04,2026-06-26,769,3,2026-07-11
SL0590,SUP04,2026-09-12,560,2,2026-09-16
SL0591,SUP01,2026-09-28,972,0,2026-10-02
SL0592,SUP03,2026-05-21,149,1,2026-06-04
SL0593,SUP06,2026-08-12,1169,1,2026-08-24
SL0594,SUP09,2026-07-08,274,3,2026-07-13
SL0595,SUP09,2026-06-19,1135,0,2026-07-01
SL0596,SUP05,2026-06-08,762,3,2026-06-20
SL0597,SUP09,2026-02-06,484,1,2026-02-18
SL0598,SUP06,2026-06-04,993,2,2026-06-12
SL0599,SUP07,2026-03-12,457,2,2026-03-18
SL0600,SUP09,2026-01-26,776,1,2026-02-08
SL0601,SUP09,2026-01-19,1142,0,2026-01-29
SL0602,SUP04,2026-05-25,666,1,2026-06-07
SL0603,SUP03,2026-08-04,331,1,2026-08-14
SL0604,SUP07,2026-09-07,125,0,2026-09-10
SL0605,SUP07,2026-07-22,365,1,2026-07-29
SL0606,SUP05,2026-10-04,585,2,2026-10-12
SL0607,SUP06,2026-04-23,416,3,2026-05-06
SL0608,SUP06,2026-05-18,371,3,2026-05-22
SL0609,SUP08,2026-01-14,656,1,2026-01-29
SL0610,SUP04,2026-09-01,887,1,2026-09-10
SL0611,SUP01,2026-06-07,620,0,2026-06-16
SL0612,SUP04,2026-03-28,296,1,2026-04-05
SL0613,SUP05,2026-07-26,473,1,2026-07-31
SL0614,SUP07,2026-01-07,986,2,2026-01-20
SL0615,SUP04,2026-08-21,848,1,2026-08-28
SL0616,SUP07,2026-05-11,809,0,2026-05-21
SL0617,SUP01,2026-05-04,578,3,2026-05-08
SL0618,SUP02,2026-07-22,187,3,2026-07-31
SL0619,SUP07,2026-03-09,963,2,2026-03-14
SL0620,SUP08,2026-07-27,1103,0,2026-08-11
SL0621,SUP05,2026-05-24,797,1,2026-05-27
SL0622,SUP08,2026-02-26,964,1,2026-03-10
SL0623,SUP01,2026-04-07,184,3,2026-04-12
SL0624,SUP08,2026-07-29,889,2,2026-08-03
SL0625,SUP08,2026-02-22,223,1,2026-03-03
SL0626,SUP07,2026-05-15,554,0,2026-05-21
SL0627,SUP06,2026-03-15,206,1,2026-03-29
SL0628,SUP05,2026-08-15,548,1,2026-08-20
SL0629,SUP06,2026-07-26,901,2,2026-08-09
SL0630,SUP02,2026-05-18,625,3,2026-06-02
SL0631,SUP04,2026-04-15,281,3,2026-04-20
SL0632,SUP06,2026-01-03,1053,1,2026-01-08
SL0633,SUP02,2026-01-23,1129,3,2026-02-05
SL0634,SUP03,2026-02-06,635,2,2026-02-10
SL0635,SUP07,2026-04-20,639,2,2026-04-29
SL0636,SUP06,2026-03-16,352,1,2026-03-31
SL0637,SUP01,2026-05-09,322,1,2026-05-24
SL0638,SUP03,2026-09-07,241,3,2026-09-11
SL0639,SUP04,2026-06-12,858,1,2026-06-26
SL0640,SUP02,2026-07-22,673,0,2026-08-02
SL0641,SUP01,2026-06-16,649,3,2026-06-27
SL0642,SUP03,2026-06-16,678,3,2026-06-24
SL0643,SUP02,2026-04-17,645,0,2026-04-22
SL0644,SUP06,2026-08-20,714,1,2026-08-27
SL0645,SUP02,2026-09-02,137,0,2026-09-09
SL0646,SUP05,2026-05-01,830,2,2026-05-08
SL0647,SUP02,2026-06-25,203,1,2026-07-02
SL0648,SUP05,2026-02-01,758,1,2026-02-07
SL0649,SUP07,2026-09-21,887,2,2026-10-05
SL0650,SUP06,2026-09-02,799,1,2026-09-09
SL0651,SUP05,2026-04-29,887,2,2026-05-03
SL0652,SUP08,2026-03-12,680,3,2026-03-16
SL0653,SUP08,2026-04-13,1105,2,2026-04-24
SL0654,SUP04,2026-01-01,543,0,2026-01-12
SL0655,SUP02,2026-01-29,1102,2,2026-02-13
SL0656,SUP05,2026-09-27,912,2,2026-10-03
SL0657,SUP05,2026-01-04,327,0,2026-01-09
SL0658,SUP08,2026-07-28,679,2,2026-08-11
SL0659,SUP07,2026-06-09,129,0,2026-06-12
SL0660,SUP02,2026-06-04,1000,4,2026-06-17
SL0661,SUP02,2026-03-12,129,1,2026-03-25
SL0662,SUP03,2026-02-17,409,1,2026-02-20
SL0663,SUP04,2026-06-17,517,0,2026-06-21
SL0664,SUP04,2026-07-13,1076,2,2026-07-27
SL0665,SUP02,2026-05-25,1057,3,2026-06-04
SL0666,SUP08,2026-07-25,339,6,2026-07-28
SL0667,SUP08,2026-05-11,719,2,2026-05-22
SL0668,SUP06,2026-08-19,832,1,2026-08-27
SL0669,SUP08,2026-07-14,1084,4,2026-07-28
SL0670,SUP01,2026-03-01,899,2,2026-03-09
SL0671,SUP06,2026-09-01,700,2,2026-09-06
SL0672,SUP09,2026-07-29,1141,1,2026-08-13
SL0673,SUP01,2026-08-28,775,1,2026-09-06
SL0674,SUP09,2026-08-29,984,1,2026-09-02
